"area_code","area_type","area_name","year","period","type_definition","indicator","numerator","measure","upper_confidence_interval","lower_confidence_interval","data_source"
"S08000015","Health board","NHS Ayrshire & Arran",2003,"2002 to 2004 calendar years; 3-year aggregates","Age-sex standardised rate per 100,000","Emergency patient hospitalisations",27042.3,7768.3,7865.3,7672.2,"Public Health Scotland (SMR01)"
"S08000016","Health board","NHS Borders",2003,"2002 to 2004 calendar years; 3-year aggregates","Age-sex standardised rate per 100,000","Emergency patient hospitalisations",7888,7458.3,7630.5,7288.9,"Public Health Scotland (SMR01)"
"S08000017","Health board","NHS Dumfries & Galloway",2003,"2002 to 2004 calendar years; 3-year aggregates","Age-sex standardised rate per 100,000","Emergency patient hospitalisations",9264,6381.6,6516.9,6248.3,"Public Health Scotland (SMR01)"
"S08000019","Health board","NHS Forth Valley",2003,"2002 to 2004 calendar years; 3-year aggregates","Age-sex standardised rate per 100,000","Emergency patient hospitalisations",17917.3,6965,7073.1,6858,"Public Health Scotland (SMR01)"
"S08000020","Health board","NHS Grampian",2003,"2002 to 2004 calendar years; 3-year aggregates","Age-sex standardised rate per 100,000","Emergency patient hospitalisations",33841.7,7005,7083.7,6927,"Public Health Scotland (SMR01)"
"S08000022","Health board","NHS Highland",2003,"2002 to 2004 calendar years; 3-year aggregates","Age-sex standardised rate per 100,000","Emergency patient hospitalisations",21116,7334.1,7437.1,7232.1,"Public Health Scotland (SMR01)"
"S08000024","Health board","NHS Lothian",2003,"2002 to 2004 calendar years; 3-year aggregates","Age-sex standardised rate per 100,000","Emergency patient hospitalisations",44674.7,6415.1,6478.2,6352.4,"Public Health Scotland (SMR01)"
"S08000025","Health board","NHS Orkney",2003,"2002 to 2004 calendar years; 3-year aggregates","Age-sex standardised rate per 100,000","Emergency patient hospitalisations",1230,6651.4,7046,6273,"Public Health Scotland (SMR01)"
"S08000026","Health board","NHS Shetland",2003,"2002 to 2004 calendar years; 3-year aggregates","Age-sex standardised rate per 100,000","Emergency patient hospitalisations",1295.3,6524.3,6914.9,6149.4,"Public Health Scotland (SMR01)"
"S08000028","Health board","NHS Western Isles",2003,"2002 to 2004 calendar years; 3-year aggregates","Age-sex standardised rate per 100,000","Emergency patient hospitalisations",2232,8496.6,8871,8133.8,"Public Health Scotland (SMR01)"
"S08000029","Health board","NHS Fife",2003,"2002 to 2004 calendar years; 3-year aggregates","Age-sex standardised rate per 100,000","Emergency patient hospitalisations",22424.7,6835.7,6929.8,6742.6,"Public Health Scotland (SMR01)"
"S08000030","Health board","NHS Tayside",2003,"2002 to 2004 calendar years; 3-year aggregates","Age-sex standardised rate per 100,000","Emergency patient hospitalisations",26746.3,7106.3,7194.5,7018.9,"Public Health Scotland (SMR01)"
"S08000031","Health board","NHS Greater Glasgow & Clyde",2003,"2002 to 2004 calendar years; 3-year aggregates","Age-sex standardised rate per 100,000","Emergency patient hospitalisations",81648.3,8090.4,8149.3,8031.8,"Public Health Scotland (SMR01)"
"S08000032","Health board","NHS Lanarkshire",2003,"2002 to 2004 calendar years; 3-year aggregates","Age-sex standardised rate per 100,000","Emergency patient hospitalisations",45873.3,8196.6,8277.4,8116.4,"Public Health Scotland (SMR01)"
"S08000015","Health board","NHS Ayrshire & Arran",2004,"2003 to 2005 calendar years; 3-year aggregates","Age-sex standardised rate per 100,000","Emergency patient hospitalisations",27591,7879.7,7976.9,7783.4,"Public Health Scotland (SMR01)"
"S08000016","Health board","NHS Borders",2004,"2003 to 2005 calendar years; 3-year aggregates","Age-sex standardised rate per 100,000","Emergency patient hospitalisations",8010,7492.9,7664.1,7324.4,"Public Health Scotland (SMR01)"
"S08000017","Health board","NHS Dumfries & Galloway",2004,"2003 to 2005 calendar years; 3-year aggregates","Age-sex standardised rate per 100,000","Emergency patient hospitalisations",9276.7,6332.3,6466.6,6200.1,"Public Health Scotland (SMR01)"
"S08000019","Health board","NHS Forth Valley",2004,"2003 to 2005 calendar years; 3-year aggregates","Age-sex standardised rate per 100,000","Emergency patient hospitalisations",18222.7,7014.7,7122.5,6908.2,"Public Health Scotland (SMR01)"
"S08000020","Health board","NHS Grampian",2004,"2003 to 2005 calendar years; 3-year aggregates","Age-sex standardised rate per 100,000","Emergency patient hospitalisations",33820.7,6935.9,7013.6,6858.8,"Public Health Scotland (SMR01)"
"S08000022","Health board","NHS Highland",2004,"2003 to 2005 calendar years; 3-year aggregates","Age-sex standardised rate per 100,000","Emergency patient hospitalisations",21086,7236.4,7338.2,7135.7,"Public Health Scotland (SMR01)"
"S08000024","Health board","NHS Lothian",2004,"2003 to 2005 calendar years; 3-year aggregates","Age-sex standardised rate per 100,000","Emergency patient hospitalisations",45593,6508,6571.3,6445.2,"Public Health Scotland (SMR01)"
"S08000025","Health board","NHS Orkney",2004,"2003 to 2005 calendar years; 3-year aggregates","Age-sex standardised rate per 100,000","Emergency patient hospitalisations",1226,6540.6,6930.2,6167.1,"Public Health Scotland (SMR01)"
"S08000026","Health board","NHS Shetland",2004,"2003 to 2005 calendar years; 3-year aggregates","Age-sex standardised rate per 100,000","Emergency patient hospitalisations",1322,6577.9,6964,6207.2,"Public Health Scotland (SMR01)"
"S08000028","Health board","NHS Western Isles",2004,"2003 to 2005 calendar years; 3-year aggregates","Age-sex standardised rate per 100,000","Emergency patient hospitalisations",2164.7,8182.5,8550.5,7826,"Public Health Scotland (SMR01)"
"S08000029","Health board","NHS Fife",2004,"2003 to 2005 calendar years; 3-year aggregates","Age-sex standardised rate per 100,000","Emergency patient hospitalisations",22616,6840.6,6934.1,6748.1,"Public Health Scotland (SMR01)"
"S08000030","Health board","NHS Tayside",2004,"2003 to 2005 calendar years; 3-year aggregates","Age-sex standardised rate per 100,000","Emergency patient hospitalisations",26806.3,7067.7,7155.2,6981,"Public Health Scotland (SMR01)"
"S08000031","Health board","NHS Greater Glasgow & Clyde",2004,"2003 to 2005 calendar years; 3-year aggregates","Age-sex standardised rate per 100,000","Emergency patient hospitalisations",80389.3,7992,8050.7,7933.7,"Public Health Scotland (SMR01)"
"S08000032","Health board","NHS Lanarkshire",2004,"2003 to 2005 calendar years; 3-year aggregates","Age-sex standardised rate per 100,000","Emergency patient hospitalisations",45264.7,8025.6,8105,7946.7,"Public Health Scotland (SMR01)"
"S08000015","Health board","NHS Ayrshire & Arran",2005,"2004 to 2006 calendar years; 3-year aggregates","Age-sex standardised rate per 100,000","Emergency patient hospitalisations",28241.7,8009.6,8106.9,7913.1,"Public Health Scotland (SMR01)"
"S08000016","Health board","NHS Borders",2005,"2004 to 2006 calendar years; 3-year aggregates","Age-sex standardised rate per 100,000","Emergency patient hospitalisations",8372.3,7759.6,7933,7589,"Public Health Scotland (SMR01)"
"S08000017","Health board","NHS Dumfries & Galloway",2005,"2004 to 2006 calendar years; 3-year aggregates","Age-sex standardised rate per 100,000","Emergency patient hospitalisations",9367.7,6340.4,6474.2,6208.7,"Public Health Scotland (SMR01)"
"S08000019","Health board","NHS Forth Valley",2005,"2004 to 2006 calendar years; 3-year aggregates","Age-sex standardised rate per 100,000","Emergency patient hospitalisations",18323.7,6973.4,7079.9,6867.9,"Public Health Scotland (SMR01)"
"S08000020","Health board","NHS Grampian",2005,"2004 to 2006 calendar years; 3-year aggregates","Age-sex standardised rate per 100,000","Emergency patient hospitalisations",33513.3,6793.7,6869.9,6718.1,"Public Health Scotland (SMR01)"
"S08000022","Health board","NHS Highland",2005,"2004 to 2006 calendar years; 3-year aggregates","Age-sex standardised rate per 100,000","Emergency patient hospitalisations",21252.3,7184.9,7285.5,7085.3,"Public Health Scotland (SMR01)"
"S08000024","Health board","NHS Lothian",2005,"2004 to 2006 calendar years; 3-year aggregates","Age-sex standardised rate per 100,000","Emergency patient hospitalisations",47343.3,6689.1,6752.7,6625.9,"Public Health Scotland (SMR01)"
"S08000025","Health board","NHS Orkney",2005,"2004 to 2006 calendar years; 3-year aggregates","Age-sex standardised rate per 100,000","Emergency patient hospitalisations",1222,6425,6809.6,6056.4,"Public Health Scotland (SMR01)"
"S08000026","Health board","NHS Shetland",2005,"2004 to 2006 calendar years; 3-year aggregates","Age-sex standardised rate per 100,000","Emergency patient hospitalisations",1407,6875.9,7264,6503,"Public Health Scotland (SMR01)"
"S08000028","Health board","NHS Western Isles",2005,"2004 to 2006 calendar years; 3-year aggregates","Age-sex standardised rate per 100,000","Emergency patient hospitalisations",2026,7572.4,7926.3,7229.9,"Public Health Scotland (SMR01)"
"S08000029","Health board","NHS Fife",2005,"2004 to 2006 calendar years; 3-year aggregates","Age-sex standardised rate per 100,000","Emergency patient hospitalisations",22934.7,6873.7,6966.8,6781.5,"Public Health Scotland (SMR01)"
"S08000030","Health board","NHS Tayside",2005,"2004 to 2006 calendar years; 3-year aggregates","Age-sex standardised rate per 100,000","Emergency patient hospitalisations",27052.3,7064.1,7151,6978,"Public Health Scotland (SMR01)"
"S08000031","Health board","NHS Greater Glasgow & Clyde",2005,"2004 to 2006 calendar years; 3-year aggregates","Age-sex standardised rate per 100,000","Emergency patient hospitalisations",80921.7,8026.8,8085.4,7968.6,"Public Health Scotland (SMR01)"
"S08000032","Health board","NHS Lanarkshire",2005,"2004 to 2006 calendar years; 3-year aggregates","Age-sex standardised rate per 100,000","Emergency patient hospitalisations",45470.7,7967,8045.2,7889.2,"Public Health Scotland (SMR01)"
"S08000015","Health board","NHS Ayrshire & Arran",2006,"2005 to 2007 calendar years; 3-year aggregates","Age-sex standardised rate per 100,000","Emergency patient hospitalisations",29357,8258,8356.1,8160.7,"Public Health Scotland (SMR01)"
"S08000016","Health board","NHS Borders",2006,"2005 to 2007 calendar years; 3-year aggregates","Age-sex standardised rate per 100,000","Emergency patient hospitalisations",8633.3,7929,8103.4,7757.3,"Public Health Scotland (SMR01)"
"S08000017","Health board","NHS Dumfries & Galloway",2006,"2005 to 2007 calendar years; 3-year aggregates","Age-sex standardised rate per 100,000","Emergency patient hospitalisations",9589.7,6418.5,6552.1,6287,"Public Health Scotland (SMR01)"
"S08000019","Health board","NHS Forth Valley",2006,"2005 to 2007 calendar years; 3-year aggregates","Age-sex standardised rate per 100,000","Emergency patient hospitalisations",18592,6983.6,7089.4,6878.9,"Public Health Scotland (SMR01)"
"S08000020","Health board","NHS Grampian",2006,"2005 to 2007 calendar years; 3-year aggregates","Age-sex standardised rate per 100,000","Emergency patient hospitalisations",33902.7,6778.7,6854.2,6703.8,"Public Health Scotland (SMR01)"
"S08000022","Health board","NHS Highland",2006,"2005 to 2007 calendar years; 3-year aggregates","Age-sex standardised rate per 100,000","Emergency patient hospitalisations",21442.7,7134.9,7234.2,7036.6,"Public Health Scotland (SMR01)"
"S08000024","Health board","NHS Lothian",2006,"2005 to 2007 calendar years; 3-year aggregates","Age-sex standardised rate per 100,000","Emergency patient hospitalisations",48922,6821.6,6885.3,6758.3,"Public Health Scotland (SMR01)"
"S08000025","Health board","NHS Orkney",2006,"2005 to 2007 calendar years; 3-year aggregates","Age-sex standardised rate per 100,000","Emergency patient hospitalisations",1253.7,6476,6859.7,6108,"Public Health Scotland (SMR01)"
"S08000026","Health board","NHS Shetland",2006,"2005 to 2007 calendar years; 3-year aggregates","Age-sex standardised rate per 100,000","Emergency patient hospitalisations",1423,6869.2,7253.7,6499.6,"Public Health Scotland (SMR01)"
"S08000028","Health board","NHS Western Isles",2006,"2005 to 2007 calendar years; 3-year aggregates","Age-sex standardised rate per 100,000","Emergency patient hospitalisations",1960,7239.4,7582.8,6907.2,"Public Health Scotland (SMR01)"
"S08000029","Health board","NHS Fife",2006,"2005 to 2007 calendar years; 3-year aggregates","Age-sex standardised rate per 100,000","Emergency patient hospitalisations",23453,6952.8,7045.7,6860.7,"Public Health Scotland (SMR01)"
"S08000030","Health board","NHS Tayside",2006,"2005 to 2007 calendar years; 3-year aggregates","Age-sex standardised rate per 100,000","Emergency patient hospitalisations",27529.7,7113.4,7200,7027.5,"Public Health Scotland (SMR01)"
"S08000031","Health board","NHS Greater Glasgow & Clyde",2006,"2005 to 2007 calendar years; 3-year aggregates","Age-sex standardised rate per 100,000","Emergency patient hospitalisations",82223,8124.4,8183,8066,"Public Health Scotland (SMR01)"
"S08000032","Health board","NHS Lanarkshire",2006,"2005 to 2007 calendar years; 3-year aggregates","Age-sex standardised rate per 100,000","Emergency patient hospitalisations",46099.3,7989.2,8066.9,7912,"Public Health Scotland (SMR01)"
"S08000015","Health board","NHS Ayrshire & Arran",2007,"2006 to 2008 calendar years; 3-year aggregates","Age-sex standardised rate per 100,000","Emergency patient hospitalisations",30188.7,8416.1,8514.6,8318.4,"Public Health Scotland (SMR01)"
"S08000016","Health board","NHS Borders",2007,"2006 to 2008 calendar years; 3-year aggregates","Age-sex standardised rate per 100,000","Emergency patient hospitalisations",8815,8004.4,8178.9,7832.6,"Public Health Scotland (SMR01)"
"S08000017","Health board","NHS Dumfries & Galloway",2007,"2006 to 2008 calendar years; 3-year aggregates","Age-sex standardised rate per 100,000","Emergency patient hospitalisations",9877,6552.6,6686.9,6420.3,"Public Health Scotland (SMR01)"
"S08000019","Health board","NHS Forth Valley",2007,"2006 to 2008 calendar years; 3-year aggregates","Age-sex standardised rate per 100,000","Emergency patient hospitalisations",18974.3,7052.5,7158.3,6947.8,"Public Health Scotland (SMR01)"
"S08000020","Health board","NHS Grampian",2007,"2006 to 2008 calendar years; 3-year aggregates","Age-sex standardised rate per 100,000","Emergency patient hospitalisations",34446.3,6788.3,6863.3,6713.9,"Public Health Scotland (SMR01)"
"S08000022","Health board","NHS Highland",2007,"2006 to 2008 calendar years; 3-year aggregates","Age-sex standardised rate per 100,000","Emergency patient hospitalisations",22012.7,7225.5,7324.8,7127.2,"Public Health Scotland (SMR01)"
"S08000024","Health board","NHS Lothian",2007,"2006 to 2008 calendar years; 3-year aggregates","Age-sex standardised rate per 100,000","Emergency patient hospitalisations",49914.7,6873.2,6936.8,6810.1,"Public Health Scotland (SMR01)"
"S08000025","Health board","NHS Orkney",2007,"2006 to 2008 calendar years; 3-year aggregates","Age-sex standardised rate per 100,000","Emergency patient hospitalisations",1296.3,6578.6,6963.8,6208.8,"Public Health Scotland (SMR01)"
"S08000026","Health board","NHS Shetland",2007,"2006 to 2008 calendar years; 3-year aggregates","Age-sex standardised rate per 100,000","Emergency patient hospitalisations",1434.3,6881.6,7263.5,6514.3,"Public Health Scotland (SMR01)"
"S08000028","Health board","NHS Western Isles",2007,"2006 to 2008 calendar years; 3-year aggregates","Age-sex standardised rate per 100,000","Emergency patient hospitalisations",2007.7,7312.3,7653.4,6982.4,"Public Health Scotland (SMR01)"
"S08000029","Health board","NHS Fife",2007,"2006 to 2008 calendar years; 3-year aggregates","Age-sex standardised rate per 100,000","Emergency patient hospitalisations",23985.7,7049,7142,6956.8,"Public Health Scotland (SMR01)"
"S08000030","Health board","NHS Tayside",2007,"2006 to 2008 calendar years; 3-year aggregates","Age-sex standardised rate per 100,000","Emergency patient hospitalisations",28399,7270,7357.2,7183.5,"Public Health Scotland (SMR01)"
"S08000031","Health board","NHS Greater Glasgow & Clyde",2007,"2006 to 2008 calendar years; 3-year aggregates","Age-sex standardised rate per 100,000","Emergency patient hospitalisations",85294,8366.5,8425.7,8307.6,"Public Health Scotland (SMR01)"
"S08000032","Health board","NHS Lanarkshire",2007,"2006 to 2008 calendar years; 3-year aggregates","Age-sex standardised rate per 100,000","Emergency patient hospitalisations",47112,8084.1,8161.8,8006.8,"Public Health Scotland (SMR01)"
"S08000015","Health board","NHS Ayrshire & Arran",2008,"2007 to 2009 calendar years; 3-year aggregates","Age-sex standardised rate per 100,000","Emergency patient hospitalisations",30808,8518.6,8617.3,8420.7,"Public Health Scotland (SMR01)"
"S08000016","Health board","NHS Borders",2008,"2007 to 2009 calendar years; 3-year aggregates","Age-sex standardised rate per 100,000","Emergency patient hospitalisations",8944.7,8025.9,8199.6,7854.9,"Public Health Scotland (SMR01)"
"S08000017","Health board","NHS Dumfries & Galloway",2008,"2007 to 2009 calendar years; 3-year aggregates","Age-sex standardised rate per 100,000","Emergency patient hospitalisations",10183,6686.7,6821.6,6553.8,"Public Health Scotland (SMR01)"
"S08000019","Health board","NHS Forth Valley",2008,"2007 to 2009 calendar years; 3-year aggregates","Age-sex standardised rate per 100,000","Emergency patient hospitalisations",19211.3,7066.4,7171.7,6962.2,"Public Health Scotland (SMR01)"
"S08000020","Health board","NHS Grampian",2008,"2007 to 2009 calendar years; 3-year aggregates","Age-sex standardised rate per 100,000","Emergency patient hospitalisations",34903.7,6776,6850.4,6702.2,"Public Health Scotland (SMR01)"
"S08000022","Health board","NHS Highland",2008,"2007 to 2009 calendar years; 3-year aggregates","Age-sex standardised rate per 100,000","Emergency patient hospitalisations",22163.7,7182.3,7280.5,7084.9,"Public Health Scotland (SMR01)"
"S08000024","Health board","NHS Lothian",2008,"2007 to 2009 calendar years; 3-year aggregates","Age-sex standardised rate per 100,000","Emergency patient hospitalisations",50051.7,6812.1,6875.1,6749.6,"Public Health Scotland (SMR01)"
"S08000025","Health board","NHS Orkney",2008,"2007 to 2009 calendar years; 3-year aggregates","Age-sex standardised rate per 100,000","Emergency patient hospitalisations",1279,6399.3,6777.9,6036.1,"Public Health Scotland (SMR01)"
"S08000026","Health board","NHS Shetland",2008,"2007 to 2009 calendar years; 3-year aggregates","Age-sex standardised rate per 100,000","Emergency patient hospitalisations",1386.7,6592.1,6963.6,6235.2,"Public Health Scotland (SMR01)"
"S08000028","Health board","NHS Western Isles",2008,"2007 to 2009 calendar years; 3-year aggregates","Age-sex standardised rate per 100,000","Emergency patient hospitalisations",2077.7,7419.1,7758.4,7090.7,"Public Health Scotland (SMR01)"
"S08000029","Health board","NHS Fife",2008,"2007 to 2009 calendar years; 3-year aggregates","Age-sex standardised rate per 100,000","Emergency patient hospitalisations",24422.7,7124.1,7217.3,7031.8,"Public Health Scotland (SMR01)"
"S08000030","Health board","NHS Tayside",2008,"2007 to 2009 calendar years; 3-year aggregates","Age-sex standardised rate per 100,000","Emergency patient hospitalisations",29154.3,7388.5,7476,7301.7,"Public Health Scotland (SMR01)"
"S08000031","Health board","NHS Greater Glasgow & Clyde",2008,"2007 to 2009 calendar years; 3-year aggregates","Age-sex standardised rate per 100,000","Emergency patient hospitalisations",86967.7,8462,8521.3,8403,"Public Health Scotland (SMR01)"
"S08000032","Health board","NHS Lanarkshire",2008,"2007 to 2009 calendar years; 3-year aggregates","Age-sex standardised rate per 100,000","Emergency patient hospitalisations",48000.3,8154.5,8232.1,8077.4,"Public Health Scotland (SMR01)"
"S08000015","Health board","NHS Ayrshire & Arran",2009,"2008 to 2010 calendar years; 3-year aggregates","Age-sex standardised rate per 100,000","Emergency patient hospitalisations",31079,8526.2,8624.3,8428.8,"Public Health Scotland (SMR01)"
"S08000016","Health board","NHS Borders",2009,"2008 to 2010 calendar years; 3-year aggregates","Age-sex standardised rate per 100,000","Emergency patient hospitalisations",8914.7,7886.4,8057,7718.4,"Public Health Scotland (SMR01)"
"S08000017","Health board","NHS Dumfries & Galloway",2009,"2008 to 2010 calendar years; 3-year aggregates","Age-sex standardised rate per 100,000","Emergency patient hospitalisations",10339.3,6737.8,6872.8,6604.7,"Public Health Scotland (SMR01)"
"S08000019","Health board","NHS Forth Valley",2009,"2008 to 2010 calendar years; 3-year aggregates","Age-sex standardised rate per 100,000","Emergency patient hospitalisations",18798.7,6858.9,6961.9,6756.9,"Public Health Scotland (SMR01)"
"S08000020","Health board","NHS Grampian",2009,"2008 to 2010 calendar years; 3-year aggregates","Age-sex standardised rate per 100,000","Emergency patient hospitalisations",35017.7,6701.2,6774.5,6628.5,"Public Health Scotland (SMR01)"
"S08000022","Health board","NHS Highland",2009,"2008 to 2010 calendar years; 3-year aggregates","Age-sex standardised rate per 100,000","Emergency patient hospitalisations",22260.7,7135,7232.3,7038.7,"Public Health Scotland (SMR01)"
"S08000024","Health board","NHS Lothian",2009,"2008 to 2010 calendar years; 3-year aggregates","Age-sex standardised rate per 100,000","Emergency patient hospitalisations",49777.3,6697.8,6759.7,6636.3,"Public Health Scotland (SMR01)"
"S08000025","Health board","NHS Orkney",2009,"2008 to 2010 calendar years; 3-year aggregates","Age-sex standardised rate per 100,000","Emergency patient hospitalisations",1243.7,6052.4,6412.4,5707.1,"Public Health Scotland (SMR01)"
"S08000026","Health board","NHS Shetland",2009,"2008 to 2010 calendar years; 3-year aggregates","Age-sex standardised rate per 100,000","Emergency patient hospitalisations",1395.3,6536,6900.8,6185.4,"Public Health Scotland (SMR01)"
"S08000028","Health board","NHS Western Isles",2009,"2008 to 2010 calendar years; 3-year aggregates","Age-sex standardised rate per 100,000","Emergency patient hospitalisations",2058.3,7279.8,7615,6955.3,"Public Health Scotland (SMR01)"
"S08000029","Health board","NHS Fife",2009,"2008 to 2010 calendar years; 3-year aggregates","Age-sex standardised rate per 100,000","Emergency patient hospitalisations",24346,7047.9,7140,6956.8,"Public Health Scotland (SMR01)"
"S08000030","Health board","NHS Tayside",2009,"2008 to 2010 calendar years; 3-year aggregates","Age-sex standardised rate per 100,000","Emergency patient hospitalisations",29237.7,7338.7,7425.4,7252.7,"Public Health Scotland (SMR01)"
"S08000031","Health board","NHS Greater Glasgow & Clyde",2009,"2008 to 2010 calendar years; 3-year aggregates","Age-sex standardised rate per 100,000","Emergency patient hospitalisations",87921.7,8481.5,8540.4,8422.8,"Public Health Scotland (SMR01)"
"S08000032","Health board","NHS Lanarkshire",2009,"2008 to 2010 calendar years; 3-year aggregates","Age-sex standardised rate per 100,000","Emergency patient hospitalisations",48332.3,8137.4,8214.3,8061,"Public Health Scotland (SMR01)"
"S08000015","Health board","NHS Ayrshire & Arran",2010,"2009 to 2011 calendar years; 3-year aggregates","Age-sex standardised rate per 100,000","Emergency patient hospitalisations",31692.3,8633.1,8731.3,8535.7,"Public Health Scotland (SMR01)"
"S08000016","Health board","NHS Borders",2010,"2009 to 2011 calendar years; 3-year aggregates","Age-sex standardised rate per 100,000","Emergency patient hospitalisations",9057.3,7919.2,8088.5,7752.5,"Public Health Scotland (SMR01)"
"S08000017","Health board","NHS Dumfries & Galloway",2010,"2009 to 2011 calendar years; 3-year aggregates","Age-sex standardised rate per 100,000","Emergency patient hospitalisations",10332.7,6666.6,6800,6535.2,"Public Health Scotland (SMR01)"
"S08000019","Health board","NHS Forth Valley",2010,"2009 to 2011 calendar years; 3-year aggregates","Age-sex standardised rate per 100,000","Emergency patient hospitalisations",18379,6644.7,6745.3,6545.3,"Public Health Scotland (SMR01)"
"S08000020","Health board","NHS Grampian",2010,"2009 to 2011 calendar years; 3-year aggregates","Age-sex standardised rate per 100,000","Emergency patient hospitalisations",34923,6586.4,6658.2,6515.2,"Public Health Scotland (SMR01)"
"S08000022","Health board","NHS Highland",2010,"2009 to 2011 calendar years; 3-year aggregates","Age-sex standardised rate per 100,000","Emergency patient hospitalisations",22224,7031.3,7126.9,6936.7,"Public Health Scotland (SMR01)"
"S08000024","Health board","NHS Lothian",2010,"2009 to 2011 calendar years; 3-year aggregates","Age-sex standardised rate per 100,000","Emergency patient hospitalisations",49996.3,6640.3,6701.3,6579.6,"Public Health Scotland (SMR01)"
"S08000025","Health board","NHS Orkney",2010,"2009 to 2011 calendar years; 3-year aggregates","Age-sex standardised rate per 100,000","Emergency patient hospitalisations",1201,5697.7,6038.1,5371.5,"Public Health Scotland (SMR01)"
"S08000026","Health board","NHS Shetland",2010,"2009 to 2011 calendar years; 3-year aggregates","Age-sex standardised rate per 100,000","Emergency patient hospitalisations",1449.3,6674.1,7038.4,6323.6,"Public Health Scotland (SMR01)"
"S08000028","Health board","NHS Western Isles",2010,"2009 to 2011 calendar years; 3-year aggregates","Age-sex standardised rate per 100,000","Emergency patient hospitalisations",2007,6992.6,7319.2,6676.6,"Public Health Scotland (SMR01)"
"S08000029","Health board","NHS Fife",2010,"2009 to 2011 calendar years; 3-year aggregates","Age-sex standardised rate per 100,000","Emergency patient hospitalisations",24063,6905.4,6995.8,6816,"Public Health Scotland (SMR01)"
"S08000030","Health board","NHS Tayside",2010,"2009 to 2011 calendar years; 3-year aggregates","Age-sex standardised rate per 100,000","Emergency patient hospitalisations",28892,7173,7258.1,7088.7,"Public Health Scotland (SMR01)"
"S08000031","Health board","NHS Greater Glasgow & Clyde",2010,"2009 to 2011 calendar years; 3-year aggregates","Age-sex standardised rate per 100,000","Emergency patient hospitalisations",88089.3,8419.8,8478,8361.9,"Public Health Scotland (SMR01)"
"S08000032","Health board","NHS Lanarkshire",2010,"2009 to 2011 calendar years; 3-year aggregates","Age-sex standardised rate per 100,000","Emergency patient hospitalisations",48579.3,8093,8168.8,8017.7,"Public Health Scotland (SMR01)"
"S08000015","Health board","NHS Ayrshire & Arran",2011,"2010 to 2012 calendar years; 3-year aggregates","Age-sex standardised rate per 100,000","Emergency patient hospitalisations",32500.7,8782.8,8881.2,8685.3,"Public Health Scotland (SMR01)"
"S08000016","Health board","NHS Borders",2011,"2010 to 2012 calendar years; 3-year aggregates","Age-sex standardised rate per 100,000","Emergency patient hospitalisations",9235,7998.6,8167.6,7832.2,"Public Health Scotland (SMR01)"
"S08000017","Health board","NHS Dumfries & Galloway",2011,"2010 to 2012 calendar years; 3-year aggregates","Age-sex standardised rate per 100,000","Emergency patient hospitalisations",10386.3,6656,6788.5,6525.3,"Public Health Scotland (SMR01)"
"S08000019","Health board","NHS Forth Valley",2011,"2010 to 2012 calendar years; 3-year aggregates","Age-sex standardised rate per 100,000","Emergency patient hospitalisations",18587.3,6656.2,6755.8,6557.6,"Public Health Scotland (SMR01)"
"S08000020","Health board","NHS Grampian",2011,"2010 to 2012 calendar years; 3-year aggregates","Age-sex standardised rate per 100,000","Emergency patient hospitalisations",35062.3,6530.4,6601.1,6460.3,"Public Health Scotland (SMR01)"
"S08000022","Health board","NHS Highland",2011,"2010 to 2012 calendar years; 3-year aggregates","Age-sex standardised rate per 100,000","Emergency patient hospitalisations",22237,6962.9,7057.2,6869.4,"Public Health Scotland (SMR01)"
"S08000024","Health board","NHS Lothian",2011,"2010 to 2012 calendar years; 3-year aggregates","Age-sex standardised rate per 100,000","Emergency patient hospitalisations",50848.3,6657.2,6717.6,6597.2,"Public Health Scotland (SMR01)"
"S08000025","Health board","NHS Orkney",2011,"2010 to 2012 calendar years; 3-year aggregates","Age-sex standardised rate per 100,000","Emergency patient hospitalisations",1238.3,5754.2,6090.1,5432.2,"Public Health Scotland (SMR01)"
"S08000026","Health board","NHS Shetland",2011,"2010 to 2012 calendar years; 3-year aggregates","Age-sex standardised rate per 100,000","Emergency patient hospitalisations",1557,7074.9,7445.6,6717.9,"Public Health Scotland (SMR01)"
"S08000028","Health board","NHS Western Isles",2011,"2010 to 2012 calendar years; 3-year aggregates","Age-sex standardised rate per 100,000","Emergency patient hospitalisations",2008.3,6985.7,7310.9,6671.1,"Public Health Scotland (SMR01)"
"S08000029","Health board","NHS Fife",2011,"2010 to 2012 calendar years; 3-year aggregates","Age-sex standardised rate per 100,000","Emergency patient hospitalisations",23779.3,6758,6846.5,6670.3,"Public Health Scotland (SMR01)"
"S08000030","Health board","NHS Tayside",2011,"2010 to 2012 calendar years; 3-year aggregates","Age-sex standardised rate per 100,000","Emergency patient hospitalisations",28568.3,7021.6,7105.2,6938.8,"Public Health Scotland (SMR01)"
"S08000031","Health board","NHS Greater Glasgow & Clyde",2011,"2010 to 2012 calendar years; 3-year aggregates","Age-sex standardised rate per 100,000","Emergency patient hospitalisations",88335,8384.5,8442.1,8327.2,"Public Health Scotland (SMR01)"
"S08000032","Health board","NHS Lanarkshire",2011,"2010 to 2012 calendar years; 3-year aggregates","Age-sex standardised rate per 100,000","Emergency patient hospitalisations",49570.7,8174,8249.3,8099.2,"Public Health Scotland (SMR01)"
"S08000015","Health board","NHS Ayrshire & Arran",2012,"2011 to 2013 calendar years; 3-year aggregates","Age-sex standardised rate per 100,000","Emergency patient hospitalisations",33172.3,8901.5,8999.9,8803.9,"Public Health Scotland (SMR01)"
"S08000016","Health board","NHS Borders",2012,"2011 to 2013 calendar years; 3-year aggregates","Age-sex standardised rate per 100,000","Emergency patient hospitalisations",9571,8220.6,8391.1,8052.8,"Public Health Scotland (SMR01)"
"S08000017","Health board","NHS Dumfries & Galloway",2012,"2011 to 2013 calendar years; 3-year aggregates","Age-sex standardised rate per 100,000","Emergency patient hospitalisations",10531.3,6711.4,6843.9,6580.8,"Public Health Scotland (SMR01)"
"S08000019","Health board","NHS Forth Valley",2012,"2011 to 2013 calendar years; 3-year aggregates","Age-sex standardised rate per 100,000","Emergency patient hospitalisations",18896.7,6710,6809.1,6611.9,"Public Health Scotland (SMR01)"
"S08000020","Health board","NHS Grampian",2012,"2011 to 2013 calendar years; 3-year aggregates","Age-sex standardised rate per 100,000","Emergency patient hospitalisations",35277.7,6494.5,6564.4,6425.2,"Public Health Scotland (SMR01)"
"S08000022","Health board","NHS Highland",2012,"2011 to 2013 calendar years; 3-year aggregates","Age-sex standardised rate per 100,000","Emergency patient hospitalisations",22324.3,6919.9,7013.3,6827.4,"Public Health Scotland (SMR01)"
"S08000024","Health board","NHS Lothian",2012,"2011 to 2013 calendar years; 3-year aggregates","Age-sex standardised rate per 100,000","Emergency patient hospitalisations",51727.7,6696.1,6756.1,6636.4,"Public Health Scotland (SMR01)"
"S08000025","Health board","NHS Orkney",2012,"2011 to 2013 calendar years; 3-year aggregates","Age-sex standardised rate per 100,000","Emergency patient hospitalisations",1277,5873.8,6210.9,5550.4,"Public Health Scotland (SMR01)"
"S08000026","Health board","NHS Shetland",2012,"2011 to 2013 calendar years; 3-year aggregates","Age-sex standardised rate per 100,000","Emergency patient hospitalisations",1608.7,7268.7,7643.7,6907.3,"Public Health Scotland (SMR01)"
"S08000028","Health board","NHS Western Isles",2012,"2011 to 2013 calendar years; 3-year aggregates","Age-sex standardised rate per 100,000","Emergency patient hospitalisations",2015.3,6938.7,7259.2,6628.6,"Public Health Scotland (SMR01)"
"S08000029","Health board","NHS Fife",2012,"2011 to 2013 calendar years; 3-year aggregates","Age-sex standardised rate per 100,000","Emergency patient hospitalisations",24338.7,6849.3,6937.7,6761.7,"Public Health Scotland (SMR01)"
"S08000030","Health board","NHS Tayside",2012,"2011 to 2013 calendar years; 3-year aggregates","Age-sex standardised rate per 100,000","Emergency patient hospitalisations",28662,6985.9,7068.7,6903.7,"Public Health Scotland (SMR01)"
"S08000031","Health board","NHS Greater Glasgow & Clyde",2012,"2011 to 2013 calendar years; 3-year aggregates","Age-sex standardised rate per 100,000","Emergency patient hospitalisations",89909.7,8474.9,8532.4,8417.7,"Public Health Scotland (SMR01)"
"S08000032","Health board","NHS Lanarkshire",2012,"2011 to 2013 calendar years; 3-year aggregates","Age-sex standardised rate per 100,000","Emergency patient hospitalisations",50983,8326.8,8402.1,8251.9,"Public Health Scotland (SMR01)"
"S08000015","Health board","NHS Ayrshire & Arran",2013,"2012 to 2014 calendar years; 3-year aggregates","Age-sex standardised rate per 100,000","Emergency patient hospitalisations",33946.7,9059,9157.7,8961,"Public Health Scotland (SMR01)"
"S08000016","Health board","NHS Borders",2013,"2012 to 2014 calendar years; 3-year aggregates","Age-sex standardised rate per 100,000","Emergency patient hospitalisations",9640.7,8208.5,8378.3,8041.3,"Public Health Scotland (SMR01)"
"S08000017","Health board","NHS Dumfries & Galloway",2013,"2012 to 2014 calendar years; 3-year aggregates","Age-sex standardised rate per 100,000","Emergency patient hospitalisations",10825.3,6891,7025.2,6758.6,"Public Health Scotland (SMR01)"
"S08000019","Health board","NHS Forth Valley",2013,"2012 to 2014 calendar years; 3-year aggregates","Age-sex standardised rate per 100,000","Emergency patient hospitalisations",19611.3,6888.1,6987.6,6789.7,"Public Health Scotland (SMR01)"
"S08000020","Health board","NHS Grampian",2013,"2012 to 2014 calendar years; 3-year aggregates","Age-sex standardised rate per 100,000","Emergency patient hospitalisations",35247.3,6422.6,6491.6,6354.2,"Public Health Scotland (SMR01)"
"S08000022","Health board","NHS Highland",2013,"2012 to 2014 calendar years; 3-year aggregates","Age-sex standardised rate per 100,000","Emergency patient hospitalisations",22369.7,6880.4,6973.1,6788.7,"Public Health Scotland (SMR01)"
"S08000024","Health board","NHS Lothian",2013,"2012 to 2014 calendar years; 3-year aggregates","Age-sex standardised rate per 100,000","Emergency patient hospitalisations",52251.3,6687.2,6746.7,6628.2,"Public Health Scotland (SMR01)"
"S08000025","Health board","NHS Orkney",2013,"2012 to 2014 calendar years; 3-year aggregates","Age-sex standardised rate per 100,000","Emergency patient hospitalisations",1326.7,6043,6382.5,5717,"Public Health Scotland (SMR01)"
"S08000026","Health board","NHS Shetland",2013,"2012 to 2014 calendar years; 3-year aggregates","Age-sex standardised rate per 100,000","Emergency patient hospitalisations",1608,7197.1,7567.6,6840.1,"Public Health Scotland (SMR01)"
"S08000028","Health board","NHS Western Isles",2013,"2012 to 2014 calendar years; 3-year aggregates","Age-sex standardised rate per 100,000","Emergency patient hospitalisations",1967.7,6761.4,7076.4,6456.7,"Public Health Scotland (SMR01)"
"S08000029","Health board","NHS Fife",2013,"2012 to 2014 calendar years; 3-year aggregates","Age-sex standardised rate per 100,000","Emergency patient hospitalisations",24934.3,6963.6,7052.3,6875.8,"Public Health Scotland (SMR01)"
"S08000030","Health board","NHS Tayside",2013,"2012 to 2014 calendar years; 3-year aggregates","Age-sex standardised rate per 100,000","Emergency patient hospitalisations",29022.3,7018.7,7101.3,6936.7,"Public Health Scotland (SMR01)"
"S08000031","Health board","NHS Greater Glasgow & Clyde",2013,"2012 to 2014 calendar years; 3-year aggregates","Age-sex standardised rate per 100,000","Emergency patient hospitalisations",92137,8622.3,8679.9,8564.9,"Public Health Scotland (SMR01)"
"S08000032","Health board","NHS Lanarkshire",2013,"2012 to 2014 calendar years; 3-year aggregates","Age-sex standardised rate per 100,000","Emergency patient hospitalisations",52407.3,8474.5,8549.9,8399.7,"Public Health Scotland (SMR01)"
"S08000015","Health board","NHS Ayrshire & Arran",2014,"2013 to 2015 calendar years; 3-year aggregates","Age-sex standardised rate per 100,000","Emergency patient hospitalisations",34567.3,9195.9,9295.1,9097.4,"Public Health Scotland (SMR01)"
"S08000016","Health board","NHS Borders",2014,"2013 to 2015 calendar years; 3-year aggregates","Age-sex standardised rate per 100,000","Emergency patient hospitalisations",9698.3,8187.4,8356.4,8020.9,"Public Health Scotland (SMR01)"
"S08000017","Health board","NHS Dumfries & Galloway",2014,"2013 to 2015 calendar years; 3-year aggregates","Age-sex standardised rate per 100,000","Emergency patient hospitalisations",11094.7,7050.4,7186.2,6916.5,"Public Health Scotland (SMR01)"
"S08000019","Health board","NHS Forth Valley",2014,"2013 to 2015 calendar years; 3-year aggregates","Age-sex standardised rate per 100,000","Emergency patient hospitalisations",19813,6895.1,6994,6797.3,"Public Health Scotland (SMR01)"
"S08000020","Health board","NHS Grampian",2014,"2013 to 2015 calendar years; 3-year aggregates","Age-sex standardised rate per 100,000","Emergency patient hospitalisations",35291,6373.7,6442,6305.9,"Public Health Scotland (SMR01)"
"S08000022","Health board","NHS Highland",2014,"2013 to 2015 calendar years; 3-year aggregates","Age-sex standardised rate per 100,000","Emergency patient hospitalisations",22576.3,6891.6,6983.9,6800.2,"Public Health Scotland (SMR01)"
"S08000024","Health board","NHS Lothian",2014,"2013 to 2015 calendar years; 3-year aggregates","Age-sex standardised rate per 100,000","Emergency patient hospitalisations",52672,6674.4,6733.3,6615.8,"Public Health Scotland (SMR01)"
"S08000025","Health board","NHS Orkney",2014,"2013 to 2015 calendar years; 3-year aggregates","Age-sex standardised rate per 100,000","Emergency patient hospitalisations",1338.3,6045.4,6383.4,5720.8,"Public Health Scotland (SMR01)"
"S08000026","Health board","NHS Shetland",2014,"2013 to 2015 calendar years; 3-year aggregates","Age-sex standardised rate per 100,000","Emergency patient hospitalisations",1539.3,6826.6,7184.4,6481.9,"Public Health Scotland (SMR01)"
"S08000028","Health board","NHS Western Isles",2014,"2013 to 2015 calendar years; 3-year aggregates","Age-sex standardised rate per 100,000","Emergency patient hospitalisations",1915,6531,6839.3,6232.9,"Public Health Scotland (SMR01)"
"S08000029","Health board","NHS Fife",2014,"2013 to 2015 calendar years; 3-year aggregates","Age-sex standardised rate per 100,000","Emergency patient hospitalisations",25534,7085.2,7174.3,6997,"Public Health Scotland (SMR01)"
"S08000030","Health board","NHS Tayside",2014,"2013 to 2015 calendar years; 3-year aggregates","Age-sex standardised rate per 100,000","Emergency patient hospitalisations",29363.3,7053.1,7135.5,6971.4,"Public Health Scotland (SMR01)"
"S08000031","Health board","NHS Greater Glasgow & Clyde",2014,"2013 to 2015 calendar years; 3-year aggregates","Age-sex standardised rate per 100,000","Emergency patient hospitalisations",94759.7,8797.6,8855.4,8740,"Public Health Scotland (SMR01)"
"S08000032","Health board","NHS Lanarkshire",2014,"2013 to 2015 calendar years; 3-year aggregates","Age-sex standardised rate per 100,000","Emergency patient hospitalisations",53530.7,8581.3,8656.6,8506.5,"Public Health Scotland (SMR01)"
"S08000015","Health board","NHS Ayrshire & Arran",2015,"2014 to 2016 calendar years; 3-year aggregates","Age-sex standardised rate per 100,000","Emergency patient hospitalisations",35515.3,9423.3,9523.5,9323.9,"Public Health Scotland (SMR01)"
"S08000016","Health board","NHS Borders",2015,"2014 to 2016 calendar years; 3-year aggregates","Age-sex standardised rate per 100,000","Emergency patient hospitalisations",9614,8060.7,8228,7895.9,"Public Health Scotland (SMR01)"
"S08000017","Health board","NHS Dumfries & Galloway",2015,"2014 to 2016 calendar years; 3-year aggregates","Age-sex standardised rate per 100,000","Emergency patient hospitalisations",11482.7,7310,7448.6,7173.3,"Public Health Scotland (SMR01)"
"S08000019","Health board","NHS Forth Valley",2015,"2014 to 2016 calendar years; 3-year aggregates","Age-sex standardised rate per 100,000","Emergency patient hospitalisations",20290,6988.7,7087.5,6890.8,"Public Health Scotland (SMR01)"
"S08000020","Health board","NHS Grampian",2015,"2014 to 2016 calendar years; 3-year aggregates","Age-sex standardised rate per 100,000","Emergency patient hospitalisations",35126.3,6297.6,6365.2,6230.6,"Public Health Scotland (SMR01)"
"S08000022","Health board","NHS Highland",2015,"2014 to 2016 calendar years; 3-year aggregates","Age-sex standardised rate per 100,000","Emergency patient hospitalisations",22719.7,6896.1,6988.1,6805,"Public Health Scotland (SMR01)"
"S08000024","Health board","NHS Lothian",2015,"2014 to 2016 calendar years; 3-year aggregates","Age-sex standardised rate per 100,000","Emergency patient hospitalisations",52791.3,6598.8,6656.8,6541.1,"Public Health Scotland (SMR01)"
"S08000025","Health board","NHS Orkney",2015,"2014 to 2016 calendar years; 3-year aggregates","Age-sex standardised rate per 100,000","Emergency patient hospitalisations",1296,5803.7,6133.6,5487.1,"Public Health Scotland (SMR01)"
"S08000026","Health board","NHS Shetland",2015,"2014 to 2016 calendar years; 3-year aggregates","Age-sex standardised rate per 100,000","Emergency patient hospitalisations",1510,6655.1,7006.1,6317.2,"Public Health Scotland (SMR01)"
"S08000028","Health board","NHS Western Isles",2015,"2014 to 2016 calendar years; 3-year aggregates","Age-sex standardised rate per 100,000","Emergency patient hospitalisations",1945.3,6639.1,6950.6,6337.9,"Public Health Scotland (SMR01)"
"S08000029","Health board","NHS Fife",2015,"2014 to 2016 calendar years; 3-year aggregates","Age-sex standardised rate per 100,000","Emergency patient hospitalisations",26003.3,7165.6,7254.7,7077.3,"Public Health Scotland (SMR01)"
"S08000030","Health board","NHS Tayside",2015,"2014 to 2016 calendar years; 3-year aggregates","Age-sex standardised rate per 100,000","Emergency patient hospitalisations",29985.3,7152.7,7235.3,7070.8,"Public Health Scotland (SMR01)"
"S08000031","Health board","NHS Greater Glasgow & Clyde",2015,"2014 to 2016 calendar years; 3-year aggregates","Age-sex standardised rate per 100,000","Emergency patient hospitalisations",96596,8888.9,8946.7,8831.4,"Public Health Scotland (SMR01)"
"S08000032","Health board","NHS Lanarkshire",2015,"2014 to 2016 calendar years; 3-year aggregates","Age-sex standardised rate per 100,000","Emergency patient hospitalisations",55253.7,8776.3,8851.8,8701.3,"Public Health Scotland (SMR01)"
"S08000015","Health board","NHS Ayrshire & Arran",2016,"2015 to 2017 calendar years; 3-year aggregates","Age-sex standardised rate per 100,000","Emergency patient hospitalisations",36554.3,9671.5,9772.8,9570.9,"Public Health Scotland (SMR01)"
"S08000016","Health board","NHS Borders",2016,"2015 to 2017 calendar years; 3-year aggregates","Age-sex standardised rate per 100,000","Emergency patient hospitalisations",9424.7,7849.3,8013.9,7687.3,"Public Health Scotland (SMR01)"
"S08000017","Health board","NHS Dumfries & Galloway",2016,"2015 to 2017 calendar years; 3-year aggregates","Age-sex standardised rate per 100,000","Emergency patient hospitalisations",11814,7527.9,7668.7,7388.9,"Public Health Scotland (SMR01)"
"S08000019","Health board","NHS Forth Valley",2016,"2015 to 2017 calendar years; 3-year aggregates","Age-sex standardised rate per 100,000","Emergency patient hospitalisations",20658.7,7058,7156.7,6960.2,"Public Health Scotland (SMR01)"
"S08000020","Health board","NHS Grampian",2016,"2015 to 2017 calendar years; 3-year aggregates","Age-sex standardised rate per 100,000","Emergency patient hospitalisations",35074.3,6259.3,6326.3,6192.8,"Public Health Scotland (SMR01)"
"S08000022","Health board","NHS Highland",2016,"2015 to 2017 calendar years; 3-year aggregates","Age-sex standardised rate per 100,000","Emergency patient hospitalisations",22906.3,6908.4,7000.2,6817.5,"Public Health Scotland (SMR01)"
"S08000024","Health board","NHS Lothian",2016,"2015 to 2017 calendar years; 3-year aggregates","Age-sex standardised rate per 100,000","Emergency patient hospitalisations",52678.3,6511.7,6568.9,6454.8,"Public Health Scotland (SMR01)"
"S08000025","Health board","NHS Orkney",2016,"2015 to 2017 calendar years; 3-year aggregates","Age-sex standardised rate per 100,000","Emergency patient hospitalisations",1235.3,5461,5779.7,5155.5,"Public Health Scotland (SMR01)"
"S08000026","Health board","NHS Shetland",2016,"2015 to 2017 calendar years; 3-year aggregates","Age-sex standardised rate per 100,000","Emergency patient hospitalisations",1455.3,6403.8,6747.9,6072.9,"Public Health Scotland (SMR01)"
"S08000028","Health board","NHS Western Isles",2016,"2015 to 2017 calendar years; 3-year aggregates","Age-sex standardised rate per 100,000","Emergency patient hospitalisations",2028.7,6883.9,7199.9,6578.1,"Public Health Scotland (SMR01)"
"S08000029","Health board","NHS Fife",2016,"2015 to 2017 calendar years; 3-year aggregates","Age-sex standardised rate per 100,000","Emergency patient hospitalisations",27177,7429.3,7519.6,7339.9,"Public Health Scotland (SMR01)"
"S08000030","Health board","NHS Tayside",2016,"2015 to 2017 calendar years; 3-year aggregates","Age-sex standardised rate per 100,000","Emergency patient hospitalisations",30604.3,7267.4,7350.5,7185.1,"Public Health Scotland (SMR01)"
"S08000031","Health board","NHS Greater Glasgow & Clyde",2016,"2015 to 2017 calendar years; 3-year aggregates","Age-sex standardised rate per 100,000","Emergency patient hospitalisations",94093.3,8611.2,8667.8,8554.9,"Public Health Scotland (SMR01)"
"S08000032","Health board","NHS Lanarkshire",2016,"2015 to 2017 calendar years; 3-year aggregates","Age-sex standardised rate per 100,000","Emergency patient hospitalisations",56915,8976.8,9052.8,8901.4,"Public Health Scotland (SMR01)"
"S08000015","Health board","NHS Ayrshire & Arran",2017,"2016 to 2018 calendar years; 3-year aggregates","Age-sex standardised rate per 100,000","Emergency patient hospitalisations",37518,9902.6,10005.1,9801,"Public Health Scotland (SMR01)"
"S08000016","Health board","NHS Borders",2017,"2016 to 2018 calendar years; 3-year aggregates","Age-sex standardised rate per 100,000","Emergency patient hospitalisations",9129,7541.9,7702.7,7383.7,"Public Health Scotland (SMR01)"
"S08000017","Health board","NHS Dumfries & Galloway",2017,"2016 to 2018 calendar years; 3-year aggregates","Age-sex standardised rate per 100,000","Emergency patient hospitalisations",12138,7742.8,7886,7601.6,"Public Health Scotland (SMR01)"
"S08000019","Health board","NHS Forth Valley",2017,"2016 to 2018 calendar years; 3-year aggregates","Age-sex standardised rate per 100,000","Emergency patient hospitalisations",21112.3,7164.9,7263.9,7066.9,"Public Health Scotland (SMR01)"
"S08000020","Health board","NHS Grampian",2017,"2016 to 2018 calendar years; 3-year aggregates","Age-sex standardised rate per 100,000","Emergency patient hospitalisations",34813,6188.2,6254.5,6122.4,"Public Health Scotland (SMR01)"
"S08000022","Health board","NHS Highland",2017,"2016 to 2018 calendar years; 3-year aggregates","Age-sex standardised rate per 100,000","Emergency patient hospitalisations",23531.7,7069.1,7161.8,6977.2,"Public Health Scotland (SMR01)"
"S08000024","Health board","NHS Lothian",2017,"2016 to 2018 calendar years; 3-year aggregates","Age-sex standardised rate per 100,000","Emergency patient hospitalisations",52385.3,6396.5,6452.7,6340.6,"Public Health Scotland (SMR01)"
"S08000025","Health board","NHS Orkney",2017,"2016 to 2018 calendar years; 3-year aggregates","Age-sex standardised rate per 100,000","Emergency patient hospitalisations",1224,5351.9,5666.5,5050.3,"Public Health Scotland (SMR01)"
"S08000026","Health board","NHS Shetland",2017,"2016 to 2018 calendar years; 3-year aggregates","Age-sex standardised rate per 100,000","Emergency patient hospitalisations",1454,6398.7,6742.6,6067.9,"Public Health Scotland (SMR01)"
"S08000028","Health board","NHS Western Isles",2017,"2016 to 2018 calendar years; 3-year aggregates","Age-sex standardised rate per 100,000","Emergency patient hospitalisations",2146.7,7299.2,7625,6983.6,"Public Health Scotland (SMR01)"
"S08000029","Health board","NHS Fife",2017,"2016 to 2018 calendar years; 3-year aggregates","Age-sex standardised rate per 100,000","Emergency patient hospitalisations",28521,7738,7829.5,7647.2,"Public Health Scotland (SMR01)"
"S08000030","Health board","NHS Tayside",2017,"2016 to 2018 calendar years; 3-year aggregates","Age-sex standardised rate per 100,000","Emergency patient hospitalisations",30794.7,7288,7371,7205.8,"Public Health Scotland (SMR01)"
"S08000031","Health board","NHS Greater Glasgow & Clyde",2017,"2016 to 2018 calendar years; 3-year aggregates","Age-sex standardised rate per 100,000","Emergency patient hospitalisations",91456.7,8321.4,8376.8,8266.3,"Public Health Scotland (SMR01)"
"S08000032","Health board","NHS Lanarkshire",2017,"2016 to 2018 calendar years; 3-year aggregates","Age-sex standardised rate per 100,000","Emergency patient hospitalisations",58209,9115.5,9191.6,9039.9,"Public Health Scotland (SMR01)"
"S08000015","Health board","NHS Ayrshire & Arran",2018,"2017 to 2019 calendar years; 3-year aggregates","Age-sex standardised rate per 100,000","Emergency patient hospitalisations",38188.7,10050.8,10154,9948.5,"Public Health Scotland (SMR01)"
"S08000016","Health board","NHS Borders",2018,"2017 to 2019 calendar years; 3-year aggregates","Age-sex standardised rate per 100,000","Emergency patient hospitalisations",8873.3,7246.9,7403.8,7092.4,"Public Health Scotland (SMR01)"
"S08000017","Health board","NHS Dumfries & Galloway",2018,"2017 to 2019 calendar years; 3-year aggregates","Age-sex standardised rate per 100,000","Emergency patient hospitalisations",12406.3,7896,8040.7,7753.2,"Public Health Scotland (SMR01)"
"S08000019","Health board","NHS Forth Valley",2018,"2017 to 2019 calendar years; 3-year aggregates","Age-sex standardised rate per 100,000","Emergency patient hospitalisations",22543.7,7593.7,7695,7493.3,"Public Health Scotland (SMR01)"
"S08000020","Health board","NHS Grampian",2018,"2017 to 2019 calendar years; 3-year aggregates","Age-sex standardised rate per 100,000","Emergency patient hospitalisations",34884,6170.8,6236.8,6105.4,"Public Health Scotland (SMR01)"
"S08000022","Health board","NHS Highland",2018,"2017 to 2019 calendar years; 3-year aggregates","Age-sex standardised rate per 100,000","Emergency patient hospitalisations",24277,7263.5,7357.4,7170.6,"Public Health Scotland (SMR01)"
"S08000024","Health board","NHS Lothian",2018,"2017 to 2019 calendar years; 3-year aggregates","Age-sex standardised rate per 100,000","Emergency patient hospitalisations",54390.7,6555.1,6611.5,6499,"Public Health Scotland (SMR01)"
"S08000025","Health board","NHS Orkney",2018,"2017 to 2019 calendar years; 3-year aggregates","Age-sex standardised rate per 100,000","Emergency patient hospitalisations",1260.7,5424.9,5739.5,5123.2,"Public Health Scotland (SMR01)"
"S08000026","Health board","NHS Shetland",2018,"2017 to 2019 calendar years; 3-year aggregates","Age-sex standardised rate per 100,000","Emergency patient hospitalisations",1418.7,6220.1,6558.3,5895,"Public Health Scotland (SMR01)"
"S08000028","Health board","NHS Western Isles",2018,"2017 to 2019 calendar years; 3-year aggregates","Age-sex standardised rate per 100,000","Emergency patient hospitalisations",2225.7,7549.1,7880.4,7228.1,"Public Health Scotland (SMR01)"
"S08000029","Health board","NHS Fife",2018,"2017 to 2019 calendar years; 3-year aggregates","Age-sex standardised rate per 100,000","Emergency patient hospitalisations",29796.3,8023.4,8116.2,7931.4,"Public Health Scotland (SMR01)"
"S08000030","Health board","NHS Tayside",2018,"2017 to 2019 calendar years; 3-year aggregates","Age-sex standardised rate per 100,000","Emergency patient hospitalisations",30953,7293.9,7376.7,7211.8,"Public Health Scotland (SMR01)"
"S08000031","Health board","NHS Greater Glasgow & Clyde",2018,"2017 to 2019 calendar years; 3-year aggregates","Age-sex standardised rate per 100,000","Emergency patient hospitalisations",89222.3,8070.7,8125,8016.6,"Public Health Scotland (SMR01)"
"S08000032","Health board","NHS Lanarkshire",2018,"2017 to 2019 calendar years; 3-year aggregates","Age-sex standardised rate per 100,000","Emergency patient hospitalisations",59587.7,9251.2,9327.4,9175.5,"Public Health Scotland (SMR01)"
"S08000015","Health board","NHS Ayrshire & Arran",2019,"2018 to 2020 calendar years; 3-year aggregates","Age-sex standardised rate per 100,000","Emergency patient hospitalisations",36186.7,9502.2,9602.5,9402.6,"Public Health Scotland (SMR01)"
"S08000016","Health board","NHS Borders",2019,"2018 to 2020 calendar years; 3-year aggregates","Age-sex standardised rate per 100,000","Emergency patient hospitalisations",8322,6689.9,6839.8,6542.4,"Public Health Scotland (SMR01)"
"S08000017","Health board","NHS Dumfries & Galloway",2019,"2018 to 2020 calendar years; 3-year aggregates","Age-sex standardised rate per 100,000","Emergency patient hospitalisations",12002,7583.7,7725.4,7443.9,"Public Health Scotland (SMR01)"
"S08000019","Health board","NHS Forth Valley",2019,"2018 to 2020 calendar years; 3-year aggregates","Age-sex standardised rate per 100,000","Emergency patient hospitalisations",22722.3,7620,7721.2,7519.9,"Public Health Scotland (SMR01)"
"S08000020","Health board","NHS Grampian",2019,"2018 to 2020 calendar years; 3-year aggregates","Age-sex standardised rate per 100,000","Emergency patient hospitalisations",33793.7,5949.8,6014.4,5885.8,"Public Health Scotland (SMR01)"
"S08000022","Health board","NHS Highland",2019,"2018 to 2020 calendar years; 3-year aggregates","Age-sex standardised rate per 100,000","Emergency patient hospitalisations",23762.7,7086.6,7179.3,6994.8,"Public Health Scotland (SMR01)"
"S08000024","Health board","NHS Lothian",2019,"2018 to 2020 calendar years; 3-year aggregates","Age-sex standardised rate per 100,000","Emergency patient hospitalisations",54181.7,6467.3,6523,6411.9,"Public Health Scotland (SMR01)"
"S08000025","Health board","NHS Orkney",2019,"2018 to 2020 calendar years; 3-year aggregates","Age-sex standardised rate per 100,000","Emergency patient hospitalisations",1281.7,5459.9,5774.8,5157.9,"Public Health Scotland (SMR01)"
"S08000026","Health board","NHS Shetland",2019,"2018 to 2020 calendar years; 3-year aggregates","Age-sex standardised rate per 100,000","Emergency patient hospitalisations",1346.3,5879,6206.9,5564,"Public Health Scotland (SMR01)"
"S08000028","Health board","NHS Western Isles",2019,"2018 to 2020 calendar years; 3-year aggregates","Age-sex standardised rate per 100,000","Emergency patient hospitalisations",2177.3,7398.5,7728,7079.4,"Public Health Scotland (SMR01)"
"S08000029","Health board","NHS Fife",2019,"2018 to 2020 calendar years; 3-year aggregates","Age-sex standardised rate per 100,000","Emergency patient hospitalisations",28926.3,7742.3,7833.2,7652.3,"Public Health Scotland (SMR01)"
"S08000030","Health board","NHS Tayside",2019,"2018 to 2020 calendar years; 3-year aggregates","Age-sex standardised rate per 100,000","Emergency patient hospitalisations",29714,6977.3,7058.1,6897.1,"Public Health Scotland (SMR01)"
"S08000031","Health board","NHS Greater Glasgow & Clyde",2019,"2018 to 2020 calendar years; 3-year aggregates","Age-sex standardised rate per 100,000","Emergency patient hospitalisations",85884.3,7731.5,7784.5,7678.7,"Public Health Scotland (SMR01)"
"S08000032","Health board","NHS Lanarkshire",2019,"2018 to 2020 calendar years; 3-year aggregates","Age-sex standardised rate per 100,000","Emergency patient hospitalisations",57406.3,8857.2,8931.4,8783.5,"Public Health Scotland (SMR01)"
"S08000015","Health board","NHS Ayrshire & Arran",2020,"2019 to 2021 calendar years; 3-year aggregates","Age-sex standardised rate per 100,000","Emergency patient hospitalisations",34777.3,9095.7,9193.8,8998.4,"Public Health Scotland (SMR01)"
"S08000016","Health board","NHS Borders",2020,"2019 to 2021 calendar years; 3-year aggregates","Age-sex standardised rate per 100,000","Emergency patient hospitalisations",7903.7,6249,6392.8,6107.5,"Public Health Scotland (SMR01)"
"S08000017","Health board","NHS Dumfries & Galloway",2020,"2019 to 2021 calendar years; 3-year aggregates","Age-sex standardised rate per 100,000","Emergency patient hospitalisations",11823.7,7424.8,7565,7286.5,"Public Health Scotland (SMR01)"
"S08000019","Health board","NHS Forth Valley",2020,"2019 to 2021 calendar years; 3-year aggregates","Age-sex standardised rate per 100,000","Emergency patient hospitalisations",23729.7,7926.7,8029.7,7824.8,"Public Health Scotland (SMR01)"
"S08000020","Health board","NHS Grampian",2020,"2019 to 2021 calendar years; 3-year aggregates","Age-sex standardised rate per 100,000","Emergency patient hospitalisations",33183,5810.2,5873.7,5747.2,"Public Health Scotland (SMR01)"
"S08000022","Health board","NHS Highland",2020,"2019 to 2021 calendar years; 3-year aggregates","Age-sex standardised rate per 100,000","Emergency patient hospitalisations",23208.7,6870.5,6961.5,6780.4,"Public Health Scotland (SMR01)"
"S08000024","Health board","NHS Lothian",2020,"2019 to 2021 calendar years; 3-year aggregates","Age-sex standardised rate per 100,000","Emergency patient hospitalisations",55168.3,6527.6,6583.2,6472.3,"Public Health Scotland (SMR01)"
"S08000025","Health board","NHS Orkney",2020,"2019 to 2021 calendar years; 3-year aggregates","Age-sex standardised rate per 100,000","Emergency patient hospitalisations",1293.7,5424.2,5736.1,5124.8,"Public Health Scotland (SMR01)"
"S08000026","Health board","NHS Shetland",2020,"2019 to 2021 calendar years; 3-year aggregates","Age-sex standardised rate per 100,000","Emergency patient hospitalisations",1285.7,5552.4,5868.9,5248.6,"Public Health Scotland (SMR01)"
"S08000028","Health board","NHS Western Isles",2020,"2019 to 2021 calendar years; 3-year aggregates","Age-sex standardised rate per 100,000","Emergency patient hospitalisations",2086.3,7069.5,7392.4,6756.8,"Public Health Scotland (SMR01)"
"S08000029","Health board","NHS Fife",2020,"2019 to 2021 calendar years; 3-year aggregates","Age-sex standardised rate per 100,000","Emergency patient hospitalisations",28722,7649.4,7739.5,7560.2,"Public Health Scotland (SMR01)"
"S08000030","Health board","NHS Tayside",2020,"2019 to 2021 calendar years; 3-year aggregates","Age-sex standardised rate per 100,000","Emergency patient hospitalisations",29495.3,6905.2,6985.6,6825.6,"Public Health Scotland (SMR01)"
"S08000031","Health board","NHS Greater Glasgow & Clyde",2020,"2019 to 2021 calendar years; 3-year aggregates","Age-sex standardised rate per 100,000","Emergency patient hospitalisations",84355,7563.4,7615.6,7511.4,"Public Health Scotland (SMR01)"
"S08000032","Health board","NHS Lanarkshire",2020,"2019 to 2021 calendar years; 3-year aggregates","Age-sex standardised rate per 100,000","Emergency patient hospitalisations",56341,8640.1,8713.1,8567.5,"Public Health Scotland (SMR01)"
"S08000015","Health board","NHS Ayrshire & Arran",2021,"2020 to 2022 calendar years; 3-year aggregates","Age-sex standardised rate per 100,000","Emergency patient hospitalisations",32948.7,8585.1,8680.3,8490.7,"Public Health Scotland (SMR01)"
"S08000016","Health board","NHS Borders",2021,"2020 to 2022 calendar years; 3-year aggregates","Age-sex standardised rate per 100,000","Emergency patient hospitalisations",7579.3,5924.4,6063.9,5787.2,"Public Health Scotland (SMR01)"
"S08000017","Health board","NHS Dumfries & Galloway",2021,"2020 to 2022 calendar years; 3-year aggregates","Age-sex standardised rate per 100,000","Emergency patient hospitalisations",11498.3,7191.1,7329.1,7054.9,"Public Health Scotland (SMR01)"
"S08000019","Health board","NHS Forth Valley",2021,"2020 to 2022 calendar years; 3-year aggregates","Age-sex standardised rate per 100,000","Emergency patient hospitalisations",24114,8025.6,8128.9,7923.3,"Public Health Scotland (SMR01)"
"S08000020","Health board","NHS Grampian",2021,"2020 to 2022 calendar years; 3-year aggregates","Age-sex standardised rate per 100,000","Emergency patient hospitalisations",32622,5667.2,5729.6,5605.3,"Public Health Scotland (SMR01)"
"S08000022","Health board","NHS Highland",2021,"2020 to 2022 calendar years; 3-year aggregates","Age-sex standardised rate per 100,000","Emergency patient hospitalisations",22627.3,6653.5,6743,6565,"Public Health Scotland (SMR01)"
"S08000024","Health board","NHS Lothian",2021,"2020 to 2022 calendar years; 3-year aggregates","Age-sex standardised rate per 100,000","Emergency patient hospitalisations",52731,6203.4,6257.4,6149.8,"Public Health Scotland (SMR01)"
"S08000025","Health board","NHS Orkney",2021,"2020 to 2022 calendar years; 3-year aggregates","Age-sex standardised rate per 100,000","Emergency patient hospitalisations",1292,5359.5,5669,5062.4,"Public Health Scotland (SMR01)"
"S08000026","Health board","NHS Shetland",2021,"2020 to 2022 calendar years; 3-year aggregates","Age-sex standardised rate per 100,000","Emergency patient hospitalisations",1271.7,5416.2,5726.6,5118.5,"Public Health Scotland (SMR01)"
"S08000028","Health board","NHS Western Isles",2021,"2020 to 2022 calendar years; 3-year aggregates","Age-sex standardised rate per 100,000","Emergency patient hospitalisations",2041,6930.7,7252.1,6619.7,"Public Health Scotland (SMR01)"
"S08000029","Health board","NHS Fife",2021,"2020 to 2022 calendar years; 3-year aggregates","Age-sex standardised rate per 100,000","Emergency patient hospitalisations",28387,7534.3,7623.6,7445.8,"Public Health Scotland (SMR01)"
"S08000030","Health board","NHS Tayside",2021,"2020 to 2022 calendar years; 3-year aggregates","Age-sex standardised rate per 100,000","Emergency patient hospitalisations",29781.3,6949.7,7030.1,6869.9,"Public Health Scotland (SMR01)"
"S08000031","Health board","NHS Greater Glasgow & Clyde",2021,"2020 to 2022 calendar years; 3-year aggregates","Age-sex standardised rate per 100,000","Emergency patient hospitalisations",81127.3,7255,7306.1,7204.2,"Public Health Scotland (SMR01)"
"S08000032","Health board","NHS Lanarkshire",2021,"2020 to 2022 calendar years; 3-year aggregates","Age-sex standardised rate per 100,000","Emergency patient hospitalisations",54268.7,8286.7,8358,8215.8,"Public Health Scotland (SMR01)"
"S08000015","Health board","NHS Ayrshire & Arran",2022,"2021 to 2023 calendar years; 3-year aggregates","Age-sex standardised rate per 100,000","Emergency patient hospitalisations",33723.7,8768.3,8864.5,8672.9,"Public Health Scotland (SMR01)"
"S08000016","Health board","NHS Borders",2022,"2021 to 2023 calendar years; 3-year aggregates","Age-sex standardised rate per 100,000","Emergency patient hospitalisations",8093,6315.5,6459.8,6173.6,"Public Health Scotland (SMR01)"
"S08000017","Health board","NHS Dumfries & Galloway",2022,"2021 to 2023 calendar years; 3-year aggregates","Age-sex standardised rate per 100,000","Emergency patient hospitalisations",11853,7413.9,7554.5,7275.3,"Public Health Scotland (SMR01)"
"S08000019","Health board","NHS Forth Valley",2022,"2021 to 2023 calendar years; 3-year aggregates","Age-sex standardised rate per 100,000","Emergency patient hospitalisations",25308.7,8380.6,8485.9,8276.4,"Public Health Scotland (SMR01)"
"S08000020","Health board","NHS Grampian",2022,"2021 to 2023 calendar years; 3-year aggregates","Age-sex standardised rate per 100,000","Emergency patient hospitalisations",33785,5812,5874.9,5749.7,"Public Health Scotland (SMR01)"
"S08000022","Health board","NHS Highland",2022,"2021 to 2023 calendar years; 3-year aggregates","Age-sex standardised rate per 100,000","Emergency patient hospitalisations",23336.3,6821.5,6911.9,6731.9,"Public Health Scotland (SMR01)"
"S08000024","Health board","NHS Lothian",2022,"2021 to 2023 calendar years; 3-year aggregates","Age-sex standardised rate per 100,000","Emergency patient hospitalisations",53726.7,6258.8,6312.7,6205.3,"Public Health Scotland (SMR01)"
"S08000025","Health board","NHS Orkney",2022,"2021 to 2023 calendar years; 3-year aggregates","Age-sex standardised rate per 100,000","Emergency patient hospitalisations",1282.7,5232.2,5536.1,4940.6,"Public Health Scotland (SMR01)"
"S08000026","Health board","NHS Shetland",2022,"2021 to 2023 calendar years; 3-year aggregates","Age-sex standardised rate per 100,000","Emergency patient hospitalisations",1314,5523.9,5835.5,5224.8,"Public Health Scotland (SMR01)"
"S08000028","Health board","NHS Western Isles",2022,"2021 to 2023 calendar years; 3-year aggregates","Age-sex standardised rate per 100,000","Emergency patient hospitalisations",2062.3,7008.3,7332.5,6694.6,"Public Health Scotland (SMR01)"
"S08000029","Health board","NHS Fife",2022,"2021 to 2023 calendar years; 3-year aggregates","Age-sex standardised rate per 100,000","Emergency patient hospitalisations",30160.7,7975,8066.8,7884.1,"Public Health Scotland (SMR01)"
"S08000030","Health board","NHS Tayside",2022,"2021 to 2023 calendar years; 3-year aggregates","Age-sex standardised rate per 100,000","Emergency patient hospitalisations",32327.3,7509.7,7593.2,7427,"Public Health Scotland (SMR01)"
"S08000031","Health board","NHS Greater Glasgow & Clyde",2022,"2021 to 2023 calendar years; 3-year aggregates","Age-sex standardised rate per 100,000","Emergency patient hospitalisations",83436.3,7407.2,7458.6,7356.2,"Public Health Scotland (SMR01)"
"S08000032","Health board","NHS Lanarkshire",2022,"2021 to 2023 calendar years; 3-year aggregates","Age-sex standardised rate per 100,000","Emergency patient hospitalisations",56086,8497.8,8569.6,8426.4,"Public Health Scotland (SMR01)"
